date,hour,type,1246A,1247A,1248A,date,hour,type,1246A,1247A,1248A,date,hour,type,1246A,1247A,1248A,date,hour,type,1246A,1247A,date,hour,type,1246A,1247A,1248A
20191221,0,AQI,87,84,,20191222,0,AQI,33,32,,20191223,0,AQI,46,42,,20191224,0,AQI,25,19,20191225,0,AQI,46,57,
20191221,0,PM2.5,64,62,,20191222,0,PM2.5,15,22,,20191223,0,PM2.5,32,29,,20191224,0,PM2.5,17,13,20191225,0,PM2.5,30,40,
20191221,0,PM2.5_24h,47,47,,20191222,0,PM2.5_24h,28,25,,20191223,0,PM2.5_24h,16,18,,20191224,0,PM2.5_24h,30,31,20191225,0,PM2.5_24h,15,15,
20191221,0,PM10,91,82,,20191222,0,PM10,17,27,,20191223,0,PM10,46,28,,20191224,0,PM10,24,19,20191225,0,PM10,46,57,
20191221,0,PM10_24h,71,65,,20191222,0,PM10_24h,36,35,,20191223,0,PM10_24h,19,20,,20191224,0,PM10_24h,42,38,20191225,0,PM10_24h,22,22,
20191221,0,SO2,14,8,,20191222,0,SO2,2,6,,20191223,0,SO2,7,5,,20191224,0,SO2,3,5,20191225,0,SO2,3,4,
20191221,0,SO2_24h,7,10,,20191222,0,SO2_24h,5,7,,20191223,0,SO2_24h,2,6,,20191224,0,SO2_24h,4,8,20191225,0,SO2_24h,3,5,
20191221,0,NO2,69,63,,20191222,0,NO2,66,58,,20191223,0,NO2,57,43,,20191224,0,NO2,30,22,20191225,0,NO2,36,52,
20191221,0,NO2_24h,66,60,,20191222,0,NO2_24h,68,60,,20191223,0,NO2_24h,53,49,,20191224,0,NO2_24h,50,43,20191225,0,NO2_24h,32,27,
20191221,0,O3,3,,,20191222,0,O3,2,,,20191223,0,O3,3,,,20191224,0,O3,45,47,20191225,0,O3,24,6,
20191221,0,O3_24h,6,4,,20191222,0,O3_24h,9,1,,20191223,0,O3_24h,15,17,,20191224,0,O3_24h,48,47,20191225,0,O3_24h,60,57,
20191221,0,O3_8h,3,,,20191222,0,O3_8h,4,,,20191223,0,O3_8h,4,1,,20191224,0,O3_8h,35,35,20191225,0,O3_8h,33,27,
20191221,0,O3_8h_24h,5,3,,20191222,0,O3_8h_24h,4,,,20191223,0,O3_8h_24h,10,9,,20191224,0,O3_8h_24h,35,35,20191225,0,O3_8h_24h,52,51,
20191221,0,CO,1,1.1,,20191222,0,CO,1,1.4,,20191223,0,CO,1.2,0.9,,20191224,0,CO,1,0.7,20191225,0,CO,0.9,0.5,
20191221,0,CO_24h,0.9,1,,20191222,0,CO_24h,1,1.2,,20191223,0,CO_24h,1,0.9,,20191224,0,CO_24h,1.1,1,20191225,0,CO_24h,0.8,0.6,
20191221,1,AQI,80,79,,20191222,1,AQI,31,29,,20191223,1,AQI,46,43,,20191224,1,AQI,23,18,20191225,1,AQI,48,63,
20191221,1,PM2.5,59,58,,20191222,1,PM2.5,15,17,,20191223,1,PM2.5,32,30,,20191224,1,PM2.5,16,12,20191225,1,PM2.5,32,45,
20191221,1,PM2.5_24h,48,49,,20191222,1,PM2.5_24h,26,23,,20191223,1,PM2.5_24h,16,18,,20191224,1,PM2.5_24h,29,30,20191225,1,PM2.5_24h,16,16,
20191221,1,PM10,80,79,,20191222,1,PM10,18,23,,20191223,1,PM10,44,29,,20191224,1,PM10,22,18,20191225,1,PM10,48,64,
20191221,1,PM10_24h,72,67,,20191222,1,PM10_24h,33,33,,20191223,1,PM10_24h,20,21,,20191224,1,PM10_24h,41,38,20191225,1,PM10_24h,23,24,
20191221,1,SO2,9,7,,20191222,1,SO2,2,6,,20191223,1,SO2,11,6,,20191224,1,SO2,2,5,20191225,1,SO2,6,5,
20191221,1,SO2_24h,7,10,,20191222,1,SO2_24h,4,7,,20191223,1,SO2_24h,3,6,,20191224,1,SO2_24h,4,8,20191225,1,SO2_24h,3,5,
20191221,1,NO2,70,61,,20191222,1,NO2,62,58,,20191223,1,NO2,56,42,,20191224,1,NO2,34,22,20191225,1,NO2,37,41,
20191221,1,NO2_24h,67,60,,20191222,1,NO2_24h,68,60,,20191223,1,NO2_24h,53,48,,20191224,1,NO2_24h,49,42,20191225,1,NO2_24h,32,28,
20191221,1,O3,3,,,20191222,1,O3,2,,,20191223,1,O3,3,,,20191224,1,O3,37,46,20191225,1,O3,21,15,
20191221,1,O3_24h,6,4,,20191222,1,O3_24h,9,1,,20191223,1,O3_24h,15,17,,20191224,1,O3_24h,48,47,20191225,1,O3_24h,60,57,
20191221,1,O3_8h,3,,,20191222,1,O3_8h,2,,,20191223,1,O3_8h,3,,,20191224,1,O3_8h,37,46,20191225,1,O3_8h,21,15,
20191221,1,O3_8h_24h,3,,,20191222,1,O3_8h_24h,2,,,20191223,1,O3_8h_24h,3,,,20191224,1,O3_8h_24h,37,46,20191225,1,O3_8h_24h,21,15,
20191221,1,CO,1,1.1,,20191222,1,CO,1,1.2,,20191223,1,CO,1.3,1,,20191224,1,CO,1.1,0.7,20191225,1,CO,0.9,0.5,
20191221,1,CO_24h,0.9,1,,20191222,1,CO_24h,1,1.2,,20191223,1,CO_24h,1,0.9,,20191224,1,CO_24h,1.1,1,20191225,1,CO_24h,0.8,0.6,
20191221,2,AQI,77,73,,20191222,2,AQI,27,30,,20191223,2,AQI,45,52,,20191224,2,AQI,18,14,20191225,2,AQI,47,63,
20191221,2,PM2.5,56,53,,20191222,2,PM2.5,10,12,,20191223,2,PM2.5,31,36,,20191224,2,PM2.5,7,8,20191225,2,PM2.5,31,45,
20191221,2,PM2.5_24h,49,50,,20191222,2,PM2.5_24h,25,21,,20191223,2,PM2.5_24h,17,19,,20191224,2,PM2.5_24h,28,29,20191225,2,PM2.5_24h,17,17,
20191221,2,PM10,72,71,,20191222,2,PM10,12,20,,20191223,2,PM10,43,35,,20191224,2,PM10,10,11,20191225,2,PM10,47,63,
20191221,2,PM10_24h,72,68,,20191222,2,PM10_24h,31,30,,20191223,2,PM10_24h,21,21,,20191224,2,PM10_24h,40,37,20191225,2,PM10_24h,25,26,
20191221,2,SO2,10,8,,20191222,2,SO2,1,6,,20191223,2,SO2,9,14,,20191224,2,SO2,2,5,20191225,2,SO2,6,5,
20191221,2,SO2_24h,7,10,,20191222,2,SO2_24h,4,6,,20191223,2,SO2_24h,3,6,,20191224,2,SO2_24h,4,8,20191225,2,SO2_24h,4,5,
20191221,2,NO2,69,61,,20191222,2,NO2,54,59,,20191223,2,NO2,50,52,,20191224,2,NO2,22,22,20191225,2,NO2,41,43,
20191221,2,NO2_24h,67,61,,20191222,2,NO2_24h,67,60,,20191223,2,NO2_24h,53,48,,20191224,2,NO2_24h,47,41,20191225,2,NO2_24h,33,29,
20191221,2,O3,3,,,20191222,2,O3,3,,,20191223,2,O3,3,,,20191224,2,O3,57,44,20191225,2,O3,12,8,
20191221,2,O3_24h,6,4,,20191222,2,O3_24h,9,1,,20191223,2,O3_24h,15,17,,20191224,2,O3_24h,57,47,20191225,2,O3_24h,60,57,
20191221,2,O3_8h,3,,,20191222,2,O3_8h,2,,,20191223,2,O3_8h,3,,,20191224,2,O3_8h,47,45,20191225,2,O3_8h,16,12,
20191221,2,O3_8h_24h,3,,,20191222,2,O3_8h_24h,2,,,20191223,2,O3_8h_24h,3,,,20191224,2,O3_8h_24h,47,46,20191225,2,O3_8h_24h,21,15,
20191221,2,CO,1,1.1,,20191222,2,CO,0.7,1.1,,20191223,2,CO,1.3,1.1,,20191224,2,CO,1,0.6,20191225,2,CO,0.9,0.5,
20191221,2,CO_24h,0.9,1,,20191222,2,CO_24h,1,1.2,,20191223,2,CO_24h,1,0.9,,20191224,2,CO_24h,1.1,0.9,20191225,2,CO_24h,0.8,0.6,
20191221,3,AQI,75,58,,20191222,3,AQI,25,28,,20191223,3,AQI,49,53,,20191224,3,AQI,17,17,20191225,3,AQI,41,60,
20191221,3,PM2.5,55,41,,20191222,3,PM2.5,11,11,,20191223,3,PM2.5,34,37,,20191224,3,PM2.5,7,5,20191225,3,PM2.5,28,43,
20191221,3,PM2.5_24h,50,50,,20191222,3,PM2.5_24h,23,20,,20191223,3,PM2.5_24h,18,20,,20191224,3,PM2.5_24h,27,28,20191225,3,PM2.5_24h,18,19,
20191221,3,PM10,72,59,,20191222,3,PM10,12,18,,20191223,3,PM10,47,38,,20191224,3,PM10,10,8,20191225,3,PM10,41,59,
20191221,3,PM10_24h,73,69,,20191222,3,PM10_24h,28,29,,20191223,3,PM10_24h,23,22,,20191224,3,PM10_24h,38,36,20191225,3,PM10_24h,26,28,
20191221,3,SO2,9,7,,20191222,3,SO2,1,6,,20191223,3,SO2,8,14,,20191224,3,SO2,10,5,20191225,3,SO2,4,5,
20191221,3,SO2_24h,6,10,,20191222,3,SO2_24h,4,6,,20191223,3,SO2_24h,4,7,,20191224,3,SO2_24h,4,7,20191225,3,SO2_24h,3,5,
20191221,3,NO2,69,59,,20191222,3,NO2,50,56,,20191223,3,NO2,48,50,,20191224,3,NO2,25,16,20191225,3,NO2,38,49,
20191221,3,NO2_24h,68,61,,20191222,3,NO2_24h,66,60,,20191223,3,NO2_24h,53,48,,20191224,3,NO2_24h,46,40,20191225,3,NO2_24h,33,30,
20191221,3,O3,3,,,20191222,3,O3,4,,,20191223,3,O3,3,,,20191224,3,O3,53,54,20191225,3,O3,13,4,
20191221,3,O3_24h,6,4,,20191222,3,O3_24h,9,1,,20191223,3,O3_24h,15,17,,20191224,3,O3_24h,57,54,20191225,3,O3_24h,60,57,
20191221,3,O3_8h,3,,,20191222,3,O3_8h,3,,,20191223,3,O3_8h,3,,,20191224,3,O3_8h,49,48,20191225,3,O3_8h,15,9,
20191221,3,O3_8h_24h,3,,,20191222,3,O3_8h_24h,3,,,20191223,3,O3_8h_24h,3,,,20191224,3,O3_8h_24h,49,48,20191225,3,O3_8h_24h,21,15,
20191221,3,CO,1.1,1.2,,20191222,3,CO,0.7,1,,20191223,3,CO,1.3,1.2,,20191224,3,CO,0.8,0.6,20191225,3,CO,0.9,0.5,
20191221,3,CO_24h,0.9,1,,20191222,3,CO_24h,1,1.2,,20191223,3,CO_24h,1,0.9,,20191224,3,CO_24h,1.1,0.9,20191225,3,CO_24h,0.8,0.6,
20191221,4,AQI,53,51,,20191222,4,AQI,22,23,,20191223,4,AQI,53,53,,20191224,4,AQI,19,17,20191225,4,AQI,43,59,
20191221,4,PM2.5,37,33,,20191222,4,PM2.5,10,5,,20191223,4,PM2.5,37,37,,20191224,4,PM2.5,8,6,20191225,4,PM2.5,30,42,
20191221,4,PM2.5_24h,49,50,,20191222,4,PM2.5_24h,22,19,,20191223,4,PM2.5_24h,19,22,,20191224,4,PM2.5_24h,26,26,20191225,4,PM2.5_24h,18,21,
20191221,4,PM10,48,51,,20191222,4,PM10,11,14,,20191223,4,PM10,53,39,,20191224,4,PM10,12,10,20191225,4,PM10,43,58,
20191221,4,PM10_24h,72,69,,20191222,4,PM10_24h,27,27,,20191223,4,PM10_24h,24,23,,20191224,4,PM10_24h,37,35,20191225,4,PM10_24h,28,30,
20191221,4,SO2,7,7,,20191222,4,SO2,1,6,,20191223,4,SO2,6,15,,20191224,4,SO2,6,5,20191225,4,SO2,3,5,
20191221,4,SO2_24h,6,10,,20191222,4,SO2_24h,3,6,,20191223,4,SO2_24h,4,7,,20191224,4,SO2_24h,4,7,20191225,4,SO2_24h,3,5,
20191221,4,NO2,69,59,,20191222,4,NO2,44,46,,20191223,4,NO2,48,48,,20191224,4,NO2,18,15,20191225,4,NO2,33,50,
20191221,4,NO2_24h,68,61,,20191222,4,NO2_24h,65,59,,20191223,4,NO2_24h,53,48,,20191224,4,NO2_24h,45,38,20191225,4,NO2_24h,34,32,
20191221,4,O3,3,,,20191222,4,O3,7,1,,20191223,4,O3,3,,,20191224,4,O3,60,54,20191225,4,O3,19,1,
20191221,4,O3_24h,6,4,,20191222,4,O3_24h,9,1,,20191223,4,O3_24h,15,17,,20191224,4,O3_24h,60,54,20191225,4,O3_24h,57,57,
20191221,4,O3_8h,3,,,20191222,4,O3_8h,4,,,20191223,4,O3_8h,3,,,20191224,4,O3_8h,52,50,20191225,4,O3_8h,16,7,
20191221,4,O3_8h_24h,3,,,20191222,4,O3_8h_24h,4,,,20191223,4,O3_8h_24h,3,,,20191224,4,O3_8h_24h,52,50,20191225,4,O3_8h_24h,21,15,
20191221,4,CO,1,1.1,,20191222,4,CO,0.7,0.7,,20191223,4,CO,1.3,1.2,,20191224,4,CO,0.7,0.6,20191225,4,CO,0.9,0.5,
20191221,4,CO_24h,0.9,1,,20191222,4,CO_24h,1,1.2,,20191223,4,CO_24h,1.1,0.9,,20191224,4,CO_24h,1.1,0.9,20191225,4,CO_24h,0.8,0.6,
20191221,5,AQI,48,42,,20191222,5,AQI,26,25,,20191223,5,AQI,57,55,,20191224,5,AQI,18,18,20191225,5,AQI,41,62,
20191221,5,PM2.5,33,27,,20191222,5,PM2.5,6,,,20191223,5,PM2.5,40,39,,20191224,5,PM2.5,9,8,20191225,5,PM2.5,28,44,
20191221,5,PM2.5_24h,49,49,,20191222,5,PM2.5_24h,20,18,,20191223,5,PM2.5_24h,21,23,,20191224,5,PM2.5_24h,25,25,20191225,5,PM2.5_24h,19,22,
20191221,5,PM10,43,42,,20191222,5,PM10,6,9,,20191223,5,PM10,56,41,,20191224,5,PM10,13,12,20191225,5,PM10,41,61,
20191221,5,PM10_24h,71,68,,20191222,5,PM10_24h,25,26,,20191223,5,PM10_24h,26,25,,20191224,5,PM10_24h,35,33,20191225,5,PM10_24h,29,33,
20191221,5,SO2,5,7,,20191222,5,SO2,1,5,,20191223,5,SO2,5,14,,20191224,5,SO2,3,5,20191225,5,SO2,3,5,
20191221,5,SO2_24h,6,10,,20191222,5,SO2_24h,3,6,,20191223,5,SO2_24h,4,7,,20191224,5,SO2_24h,4,6,20191225,5,SO2_24h,3,5,
20191221,5,NO2,66,58,,20191222,5,NO2,52,50,,20191223,5,NO2,47,47,,20191224,5,NO2,19,13,20191225,5,NO2,33,50,
20191221,5,NO2_24h,68,61,,20191222,5,NO2_24h,64,59,,20191223,5,NO2_24h,53,48,,20191224,5,NO2_24h,44,37,20191225,5,NO2_24h,35,34,
20191221,5,O3,3,,,20191222,5,O3,2,,,20191223,5,O3,3,,,20191224,5,O3,57,55,20191225,5,O3,17,,
20191221,5,O3_24h,6,4,,20191222,5,O3_24h,9,1,,20191223,5,O3_24h,15,17,,20191224,5,O3_24h,60,55,20191225,5,O3_24h,54,57,
20191221,5,O3_8h,3,,,20191222,5,O3_8h,4,,,20191223,5,O3_8h,3,,,20191224,5,O3_8h,53,51,20191225,5,O3_8h,16,6,
20191221,5,O3_8h_24h,3,,,20191222,5,O3_8h_24h,4,,,20191223,5,O3_8h_24h,3,,,20191224,5,O3_8h_24h,53,51,20191225,5,O3_8h_24h,21,15,
20191221,5,CO,1,1.1,,20191222,5,CO,0.8,0.7,,20191223,5,CO,1.4,1.2,,20191224,5,CO,0.8,0.6,20191225,5,CO,0.9,0.5,
20191221,5,CO_24h,0.9,1,,20191222,5,CO_24h,1,1.2,,20191223,5,CO_24h,1.1,1,,20191224,5,CO_24h,1,0.9,20191225,5,CO_24h,0.8,0.6,
20191221,6,AQI,39,30,,20191222,6,AQI,26,25,,20191223,6,AQI,60,57,,20191224,6,AQI,18,18,20191225,6,AQI,41,52,
20191221,6,PM2.5,27,19,,20191222,6,PM2.5,4,,,20191223,6,PM2.5,43,40,,20191224,6,PM2.5,12,8,20191225,6,PM2.5,28,36,
20191221,6,PM2.5_24h,48,48,,20191222,6,PM2.5_24h,20,17,,20191223,6,PM2.5_24h,22,25,,20191224,6,PM2.5_24h,23,24,20191225,6,PM2.5_24h,20,23,
20191221,6,PM10,35,30,,20191222,6,PM10,4,6,,20191223,6,PM10,60,44,,20191224,6,PM10,16,12,20191225,6,PM10,41,53,
20191221,6,PM10_24h,70,66,,20191222,6,PM10_24h,24,25,,20191223,6,PM10_24h,29,26,,20191224,6,PM10_24h,33,32,20191225,6,PM10_24h,30,34,
20191221,6,SO2,6,7,,20191222,6,SO2,3,5,,20191223,6,SO2,5,11,,20191224,6,SO2,2,4,20191225,6,SO2,3,6,
20191221,6,SO2_24h,6,9,,20191222,6,SO2_24h,3,6,,20191223,6,SO2_24h,4,8,,20191224,6,SO2_24h,4,6,20191225,6,SO2_24h,3,5,
20191221,6,NO2,64,58,,20191222,6,NO2,52,49,,20191223,6,NO2,47,43,,20191224,6,NO2,19,14,20191225,6,NO2,32,48,
20191221,6,NO2_24h,68,61,,20191222,6,NO2_24h,64,58,,20191223,6,NO2_24h,53,48,,20191224,6,NO2_24h,43,36,20191225,6,NO2_24h,35,35,
20191221,6,O3,3,,,20191222,6,O3,2,,,20191223,6,O3,3,,,20191224,6,O3,53,57,20191225,6,O3,18,1,
20191221,6,O3_24h,6,4,,20191222,6,O3_24h,9,1,,20191223,6,O3_24h,15,17,,20191224,6,O3_24h,60,57,20191225,6,O3_24h,54,57,
20191221,6,O3_8h,3,,,20191222,6,O3_8h,3,,,20191223,6,O3_8h,3,,,20191224,6,O3_8h,53,52,20191225,6,O3_8h,17,5,
20191221,6,O3_8h_24h,3,,,20191222,6,O3_8h_24h,4,,,20191223,6,O3_8h_24h,3,,,20191224,6,O3_8h_24h,53,52,20191225,6,O3_8h_24h,21,15,
20191221,6,CO,0.9,1.1,,20191222,6,CO,0.9,0.7,,20191223,6,CO,1.4,1.3,,20191224,6,CO,0.8,0.6,20191225,6,CO,0.9,0.5,
20191221,6,CO_24h,0.9,1.1,,20191222,6,CO_24h,1,1.2,,20191223,6,CO_24h,1.1,1,,20191224,6,CO_24h,1,0.8,20191225,6,CO_24h,0.8,0.6,
20191221,7,AQI,33,29,,20191222,7,AQI,25,23,,20191223,7,AQI,58,48,,20191224,7,AQI,18,15,20191225,7,AQI,40,50,
20191221,7,PM2.5,23,15,,20191222,7,PM2.5,5,7,,20191223,7,PM2.5,41,33,,20191224,7,PM2.5,12,10,20191225,7,PM2.5,27,33,
20191221,7,PM2.5_24h,47,46,,20191222,7,PM2.5_24h,19,17,,20191223,7,PM2.5_24h,24,26,,20191224,7,PM2.5_24h,22,23,20191225,7,PM2.5_24h,20,24,
20191221,7,PM10,30,26,,20191222,7,PM10,6,10,,20191223,7,PM10,56,38,,20191224,7,PM10,16,15,20191225,7,PM10,40,50,
20191221,7,PM10_24h,68,65,,20191222,7,PM10_24h,23,24,,20191223,7,PM10_24h,31,27,,20191224,7,PM10_24h,31,31,20191225,7,PM10_24h,31,36,
20191221,7,SO2,4,6,,20191222,7,SO2,3,5,,20191223,7,SO2,4,8,,20191224,7,SO2,2,5,20191225,7,SO2,3,5,
20191221,7,SO2_24h,6,9,,20191222,7,SO2_24h,3,6,,20191223,7,SO2_24h,4,8,,20191224,7,SO2_24h,4,6,20191225,7,SO2_24h,3,5,
20191221,7,NO2,65,58,,20191222,7,NO2,49,45,,20191223,7,NO2,51,39,,20191224,7,NO2,26,19,20191225,7,NO2,43,49,
20191221,7,NO2_24h,68,62,,20191222,7,NO2_24h,63,58,,20191223,7,NO2_24h,53,47,,20191224,7,NO2_24h,42,35,20191225,7,NO2_24h,36,36,
20191221,7,O3,3,,,20191222,7,O3,4,2,,20191223,7,O3,3,,,20191224,7,O3,43,47,20191225,7,O3,7,,
20191221,7,O3_24h,6,4,,20191222,7,O3_24h,9,2,,20191223,7,O3_24h,15,17,,20191224,7,O3_24h,60,57,20191225,7,O3_24h,54,57,
20191221,7,O3_8h,3,,,20191222,7,O3_8h,3,,,20191223,7,O3_8h,3,,,20191224,7,O3_8h,51,51,20191225,7,O3_8h,15,4,
20191221,7,O3_8h_24h,3,,,20191222,7,O3_8h_24h,4,,,20191223,7,O3_8h_24h,3,,,20191224,7,O3_8h_24h,53,52,20191225,7,O3_8h_24h,21,15,
20191221,7,CO,0.9,1.1,,20191222,7,CO,0.8,0.8,,20191223,7,CO,1.4,1.3,,20191224,7,CO,0.8,0.7,20191225,7,CO,1,0.5,
20191221,7,CO_24h,0.9,1.1,,20191222,7,CO_24h,0.9,1.1,,20191223,7,CO_24h,1.1,1,,20191224,7,CO_24h,1,0.8,20191225,7,CO_24h,0.8,0.6,
20191221,8,AQI,33,29,,20191222,8,AQI,24,21,,20191223,8,AQI,60,62,,20191224,8,AQI,18,13,20191225,8,AQI,44,51,
20191221,8,PM2.5,23,13,,20191222,8,PM2.5,6,7,,20191223,8,PM2.5,43,44,,20191224,8,PM2.5,12,9,20191225,8,PM2.5,29,34,
20191221,8,PM2.5_24h,46,45,,20191222,8,PM2.5_24h,18,16,,20191223,8,PM2.5_24h,25,28,,20191224,8,PM2.5_24h,21,21,20191225,8,PM2.5_24h,21,25,
20191221,8,PM10,30,23,,20191222,8,PM10,6,10,,20191223,8,PM10,58,53,,20191224,8,PM10,16,13,20191225,8,PM10,44,51,
20191221,8,PM10_24h,67,64,,20191222,8,PM10_24h,22,24,,20191223,8,PM10_24h,33,29,,20191224,8,PM10_24h,30,29,20191225,8,PM10_24h,32,37,
20191221,8,SO2,3,7,,20191222,8,SO2,3,6,,20191223,8,SO2,3,8,,20191224,8,SO2,1,5,20191225,8,SO2,3,5,
20191221,8,SO2_24h,5,8,,20191222,8,SO2_24h,3,6,,20191223,8,SO2_24h,4,8,,20191224,8,SO2_24h,4,6,20191225,8,SO2_24h,3,5,
20191221,8,NO2,63,58,,20191222,8,NO2,48,41,,20191223,8,NO2,52,46,,20191224,8,NO2,30,26,20191225,8,NO2,46,48,
20191221,8,NO2_24h,68,61,,20191222,8,NO2_24h,62,57,,20191223,8,NO2_24h,53,48,,20191224,8,NO2_24h,41,34,20191225,8,NO2_24h,36,37,
20191221,8,O3,3,,,20191222,8,O3,5,4,,20191223,8,O3,4,1,,20191224,8,O3,43,40,20191225,8,O3,4,1,
20191221,8,O3_24h,6,4,,20191222,8,O3_24h,9,4,,20191223,8,O3_24h,15,17,,20191224,8,O3_24h,60,57,20191225,8,O3_24h,54,57,
20191221,8,O3_8h,3,,,20191222,8,O3_8h,4,1,,20191223,8,O3_8h,3,,,20191224,8,O3_8h,50,50,20191225,8,O3_8h,14,4,
20191221,8,O3_8h_24h,3,,,20191222,8,O3_8h_24h,4,1,,20191223,8,O3_8h_24h,3,,,20191224,8,O3_8h_24h,53,52,20191225,8,O3_8h_24h,21,15,
20191221,8,CO,1,1.1,,20191222,8,CO,0.8,0.8,,20191223,8,CO,1.4,1.3,,20191224,8,CO,0.9,0.8,20191225,8,CO,1,0.7,
20191221,8,CO_24h,0.9,1.1,,20191222,8,CO_24h,0.9,1.1,,20191223,8,CO_24h,1.2,1,,20191224,8,CO_24h,1,0.8,20191225,8,CO_24h,0.8,0.6,
20191221,9,AQI,48,29,,20191222,9,AQI,25,22,,20191223,9,AQI,58,70,,20191224,9,AQI,26,19,20191225,9,AQI,43,51,
20191221,9,PM2.5,33,14,,20191222,9,PM2.5,6,13,,20191223,9,PM2.5,41,51,,20191224,9,PM2.5,18,13,20191225,9,PM2.5,30,34,
20191221,9,PM2.5_24h,46,44,,20191222,9,PM2.5_24h,17,16,,20191223,9,PM2.5_24h,27,29,,20191224,9,PM2.5_24h,20,20,20191225,9,PM2.5_24h,22,26,
20191221,9,PM10,44,23,,20191222,9,PM10,6,14,,20191223,9,PM10,56,61,,20191224,9,PM10,26,17,20191225,9,PM10,43,52,
20191221,9,PM10_24h,66,62,,20191222,9,PM10_24h,20,23,,20191223,9,PM10_24h,35,31,,20191224,9,PM10_24h,28,28,20191225,9,PM10_24h,33,39,
20191221,9,SO2,6,7,,20191222,9,SO2,1,6,,20191223,9,SO2,3,8,,20191224,9,SO2,1,5,20191225,9,SO2,3,6,
20191221,9,SO2_24h,5,8,,20191222,9,SO2_24h,3,6,,20191223,9,SO2_24h,4,8,,20191224,9,SO2_24h,3,6,20191225,9,SO2_24h,3,5,
20191221,9,NO2,66,58,,20191222,9,NO2,49,44,,20191223,9,NO2,50,44,,20191224,9,NO2,28,20,20191225,9,NO2,43,48,
20191221,9,NO2_24h,68,61,,20191222,9,NO2_24h,61,57,,20191223,9,NO2_24h,53,48,,20191224,9,NO2_24h,40,33,20191225,9,NO2_24h,37,39,
20191221,9,O3,3,,,20191222,9,O3,5,4,,20191223,9,O3,7,4,,20191224,9,O3,50,54,20191225,9,O3,8,2,
20191221,9,O3_24h,6,4,,20191222,9,O3_24h,9,4,,20191223,9,O3_24h,15,17,,20191224,9,O3_24h,60,57,20191225,9,O3_24h,54,57,
20191221,9,O3_8h,3,,,20191222,9,O3_8h,4,1,,20191223,9,O3_8h,4,1,,20191224,9,O3_8h,52,51,20191225,9,O3_8h,12,2,
20191221,9,O3_8h_24h,3,,,20191222,9,O3_8h_24h,4,1,,20191223,9,O3_8h_24h,4,1,,20191224,9,O3_8h_24h,53,52,20191225,9,O3_8h_24h,21,15,
20191221,9,CO,1,1.2,,20191222,9,CO,0.9,0.8,,20191223,9,CO,1.4,1.2,,20191224,9,CO,0.9,0.8,20191225,9,CO,0.9,0.7,
20191221,9,CO_24h,0.9,1.1,,20191222,9,CO_24h,0.9,1.1,,20191223,9,CO_24h,1.2,1,,20191224,9,CO_24h,0.9,0.8,20191225,9,CO_24h,0.8,0.6,
20191221,10,AQI,50,32,,20191222,10,AQI,23,21,,20191223,10,AQI,58,68,,20191224,10,AQI,25,20,20191225,10,AQI,45,54,
20191221,10,PM2.5,35,22,,20191222,10,PM2.5,7,10,,20191223,10,PM2.5,41,49,,20191224,10,PM2.5,16,14,20191225,10,PM2.5,31,38,
20191221,10,PM2.5_24h,46,43,,20191222,10,PM2.5_24h,16,16,,20191223,10,PM2.5_24h,28,31,,20191224,10,PM2.5_24h,19,18,20191225,10,PM2.5_24h,22,27,
20191221,10,PM10,45,30,,20191222,10,PM10,6,12,,20191223,10,PM10,55,61,,20191224,10,PM10,25,18,20191225,10,PM10,41,55,
20191221,10,PM10_24h,65,61,,20191222,10,PM10_24h,18,22,,20191223,10,PM10_24h,37,33,,20191224,10,PM10_24h,27,26,20191225,10,PM10_24h,33,40,
20191221,10,SO2,7,8,,20191222,10,SO2,3,6,,20191223,10,SO2,4,11,,20191224,10,SO2,1,5,20191225,10,SO2,4,6,
20191221,10,SO2_24h,5,8,,20191222,10,SO2_24h,3,6,,20191223,10,SO2_24h,4,8,,20191224,10,SO2_24h,3,6,20191225,10,SO2_24h,4,5,
20191221,10,NO2,69,60,,20191222,10,NO2,45,41,,20191223,10,NO2,51,47,,20191224,10,NO2,31,27,20191225,10,NO2,38,46,
20191221,10,NO2_24h,69,62,,20191222,10,NO2_24h,60,56,,20191223,10,NO2_24h,53,48,,20191224,10,NO2_24h,39,32,20191225,10,NO2_24h,37,40,
20191221,10,O3,4,1,,20191222,10,O3,8,6,,20191223,10,O3,12,8,,20191224,10,O3,48,44,20191225,10,O3,15,5,
20191221,10,O3_24h,6,4,,20191222,10,O3_24h,9,6,,20191223,10,O3_24h,15,17,,20191224,10,O3_24h,60,57,20191225,10,O3_24h,54,57,
20191221,10,O3_8h,3,,,20191222,10,O3_8h,5,2,,20191223,10,O3_8h,5,2,,20191224,10,O3_8h,51,51,20191225,10,O3_8h,13,2,
20191221,10,O3_8h_24h,3,,,20191222,10,O3_8h_24h,5,2,,20191223,10,O3_8h_24h,5,2,,20191224,10,O3_8h_24h,53,52,20191225,10,O3_8h_24h,21,15,
20191221,10,CO,1.1,1.2,,20191222,10,CO,0.9,0.9,,20191223,10,CO,1.2,1.1,,20191224,10,CO,0.9,0.8,20191225,10,CO,0.9,0.6,
20191221,10,CO_24h,0.9,1.1,,20191222,10,CO_24h,0.9,1.1,,20191223,10,CO_24h,1.2,1,,20191224,10,CO_24h,0.9,0.8,20191225,10,CO_24h,0.8,0.6,
20191221,11,AQI,45,33,,20191222,11,AQI,22,29,,20191223,11,AQI,55,58,,20191224,11,AQI,22,19,20191225,11,AQI,42,54,
20191221,11,PM2.5,31,23,,20191222,11,PM2.5,7,20,,20191223,11,PM2.5,39,41,,20191224,11,PM2.5,15,13,20191225,11,PM2.5,29,38,
20191221,11,PM2.5_24h,45,42,,20191222,11,PM2.5_24h,15,16,,20191223,11,PM2.5_24h,30,32,,20191224,11,PM2.5_24h,18,17,20191225,11,PM2.5_24h,23,28,
20191221,11,PM10,39,29,,20191222,11,PM10,6,18,,20191223,11,PM10,53,54,,20191224,11,PM10,22,19,20191225,11,PM10,37,52,
20191221,11,PM10_24h,64,59,,20191222,11,PM10_24h,17,22,,20191223,11,PM10_24h,39,35,,20191224,11,PM10_24h,26,24,20191225,11,PM10_24h,34,42,
20191221,11,SO2,5,7,,20191222,11,SO2,1,6,,20191223,11,SO2,4,9,,20191224,11,SO2,1,5,20191225,11,SO2,4,6,
20191221,11,SO2_24h,5,8,,20191222,11,SO2_24h,3,6,,20191223,11,SO2_24h,4,8,,20191224,11,SO2_24h,3,5,20191225,11,SO2_24h,4,5,
20191221,11,NO2,70,60,,20191222,11,NO2,44,41,,20191223,11,NO2,50,47,,20191224,11,NO2,28,20,20191225,11,NO2,36,45,
20191221,11,NO2_24h,69,62,,20191222,11,NO2_24h,59,55,,20191223,11,NO2_24h,53,48,,20191224,11,NO2_24h,38,31,20191225,11,NO2_24h,38,41,
20191221,11,O3,4,1,,20191222,11,O3,10,8,,20191223,11,O3,18,14,,20191224,11,O3,52,57,20191225,11,O3,19,7,
20191221,11,O3_24h,6,4,,20191222,11,O3_24h,10,8,,20191223,11,O3_24h,18,17,,20191224,11,O3_24h,60,57,20191225,11,O3_24h,54,52,
20191221,11,O3_8h,3,,,20191222,11,O3_8h,5,3,,20191223,11,O3_8h,7,3,,20191224,11,O3_8h,51,51,20191225,11,O3_8h,13,2,
20191221,11,O3_8h_24h,3,,,20191222,11,O3_8h_24h,5,3,,20191223,11,O3_8h_24h,7,3,,20191224,11,O3_8h_24h,53,52,20191225,11,O3_8h_24h,21,15,
20191221,11,CO,1.1,1.3,,20191222,11,CO,0.9,0.9,,20191223,11,CO,1.1,1,,20191224,11,CO,0.8,0.8,20191225,11,CO,1,0.6,
20191221,11,CO_24h,1,1.1,,20191222,11,CO_24h,0.9,1.1,,20191223,11,CO_24h,1.2,1,,20191224,11,CO_24h,0.9,0.7,20191225,11,CO_24h,0.8,0.6,
20191221,12,AQI,38,29,,20191222,12,AQI,23,19,,20191223,12,AQI,52,54,,20191224,12,AQI,20,22,20191225,12,AQI,38,49,
20191221,12,PM2.5,26,16,,20191222,12,PM2.5,7,9,,20191223,12,PM2.5,36,38,,20191224,12,PM2.5,13,15,20191225,12,PM2.5,26,34,
20191221,12,PM2.5_24h,45,41,,20191222,12,PM2.5_24h,14,15,,20191223,12,PM2.5_24h,31,33,,20191224,12,PM2.5_24h,17,16,20191225,12,PM2.5_24h,23,29,
20191221,12,PM10,32,24,,20191222,12,PM10,6,12,,20191223,12,PM10,49,50,,20191224,12,PM10,20,21,20191225,12,PM10,33,47,
20191221,12,PM10_24h,62,57,,20191222,12,PM10_24h,16,22,,20191223,12,PM10_24h,41,36,,20191224,12,PM10_24h,25,23,20191225,12,PM10_24h,34,43,
20191221,12,SO2,4,6,,20191222,12,SO2,1,6,,20191223,12,SO2,3,8,,20191224,12,SO2,1,5,20191225,12,SO2,3,7,
20191221,12,SO2_24h,5,8,,20191222,12,SO2_24h,2,6,,20191223,12,SO2_24h,4,8,,20191224,12,SO2_24h,3,5,20191225,12,SO2_24h,4,5,
20191221,12,NO2,67,58,,20191222,12,NO2,45,38,,20191223,12,NO2,48,45,,20191224,12,NO2,26,25,20191225,12,NO2,39,41,
20191221,12,NO2_24h,69,61,,20191222,12,NO2_24h,58,54,,20191223,12,NO2_24h,54,48,,20191224,12,NO2_24h,37,30,20191225,12,NO2_24h,38,41,
20191221,12,O3,4,1,,20191222,12,O3,10,11,,20191223,12,O3,26,20,,20191224,12,O3,54,52,20191225,12,O3,21,16,
20191221,12,O3_24h,6,4,,20191222,12,O3_24h,10,11,,20191223,12,O3_24h,26,20,,20191224,12,O3_24h,60,57,20191225,12,O3_24h,51,51,
20191221,12,O3_8h,3,,,20191222,12,O3_8h,6,4,,20191223,12,O3_8h,10,6,,20191224,12,O3_8h,50,51,20191225,12,O3_8h,14,4,
20191221,12,O3_8h_24h,3,,,20191222,12,O3_8h_24h,6,4,,20191223,12,O3_8h_24h,10,6,,20191224,12,O3_8h_24h,53,52,20191225,12,O3_8h_24h,21,15,
20191221,12,CO,1,1.2,,20191222,12,CO,1,0.9,,20191223,12,CO,1.1,1,,20191224,12,CO,0.7,0.7,20191225,12,CO,0.9,0.5,
20191221,12,CO_24h,1,1.1,,20191222,12,CO_24h,0.9,1.1,,20191223,12,CO_24h,1.2,1,,20191224,12,CO_24h,0.9,0.7,20191225,12,CO_24h,0.8,0.6,
20191221,13,AQI,40,30,,20191222,13,AQI,24,22,,20191223,13,AQI,57,54,,20191224,13,AQI,18,20,20191225,13,AQI,35,46,
20191221,13,PM2.5,28,16,,20191222,13,PM2.5,8,9,,20191223,13,PM2.5,40,38,,20191224,13,PM2.5,12,13,20191225,13,PM2.5,24,32,
20191221,13,PM2.5_24h,44,39,,20191222,13,PM2.5_24h,13,15,,20191223,13,PM2.5_24h,32,34,,20191224,13,PM2.5_24h,16,15,20191225,13,PM2.5_24h,24,30,
20191221,13,PM10,35,24,,20191222,13,PM10,8,13,,20191223,13,PM10,54,49,,20191224,13,PM10,18,20,20191225,13,PM10,31,46,
20191221,13,PM10_24h,61,55,,20191222,13,PM10_24h,15,21,,20191223,13,PM10_24h,43,38,,20191224,13,PM10_24h,23,22,20191225,13,PM10_24h,35,44,
20191221,13,SO2,3,6,,20191222,13,SO2,1,6,,20191223,13,SO2,4,7,,20191224,13,SO2,1,5,20191225,13,SO2,2,6,
20191221,13,SO2_24h,5,7,,20191222,13,SO2_24h,2,6,,20191223,13,SO2_24h,4,8,,20191224,13,SO2_24h,3,5,20191225,13,SO2_24h,4,5,
20191221,13,NO2,,59,,20191222,13,NO2,47,43,,20191223,13,NO2,54,48,,20191224,13,NO2,27,29,20191225,13,NO2,39,46,
20191221,13,NO2_24h,69,61,,20191222,13,NO2_24h,57,54,,20191223,13,NO2_24h,54,48,,20191224,13,NO2_24h,36,30,20191225,13,NO2_24h,39,42,
20191221,13,O3,4,1,,20191222,13,O3,10,7,,20191223,13,O3,23,21,,20191224,13,O3,51,46,20191225,13,O3,23,16,
20191221,13,O3_24h,5,3,,20191222,13,O3_24h,10,11,,20191223,13,O3_24h,26,21,,20191224,13,O3_24h,60,57,20191225,13,O3_24h,43,51,
20191221,13,O3_8h,4,,,20191222,13,O3_8h,7,5,,20191223,13,O3_8h,12,8,,20191224,13,O3_8h,49,50,20191225,13,O3_8h,14,6,
20191221,13,O3_8h_24h,4,,,20191222,13,O3_8h_24h,7,5,,20191223,13,O3_8h_24h,12,8,,20191224,13,O3_8h_24h,53,52,20191225,13,O3_8h_24h,21,15,
20191221,13,CO,1.1,1.2,,20191222,13,CO,1,0.9,,20191223,13,CO,1.1,0.9,,20191224,13,CO,0.7,0.7,20191225,13,CO,0.9,0.5,
20191221,13,CO_24h,1,1.1,,20191222,13,CO_24h,0.9,1.1,,20191223,13,CO_24h,1.2,1.1,,20191224,13,CO_24h,0.9,0.7,20191225,13,CO_24h,0.9,0.5,
20191221,14,AQI,39,30,,20191222,14,AQI,25,24,,20191223,14,AQI,54,55,,20191224,14,AQI,19,16,20191225,14,AQI,40,47,
20191221,14,PM2.5,27,16,,20191222,14,PM2.5,17,15,,20191223,14,PM2.5,38,39,,20191224,14,PM2.5,12,9,20191225,14,PM2.5,28,32,
20191221,14,PM2.5_24h,43,38,,20191222,14,PM2.5_24h,13,15,,20191223,14,PM2.5_24h,33,35,,20191224,14,PM2.5_24h,15,14,20191225,14,PM2.5_24h,25,31,
20191221,14,PM10,34,25,,20191222,14,PM10,16,17,,20191223,14,PM10,53,51,,20191224,14,PM10,18,16,20191225,14,PM10,38,47,
20191221,14,PM10_24h,59,53,,20191222,14,PM10_24h,14,21,,20191223,14,PM10_24h,44,39,,20191224,14,PM10_24h,22,20,20191225,14,PM10_24h,36,45,
20191221,14,SO2,2,6,,20191222,14,SO2,2,6,,20191223,14,SO2,6,7,,20191224,14,SO2,1,5,20191225,14,SO2,2,6,
20191221,14,SO2_24h,5,7,,20191222,14,SO2_24h,2,6,,20191223,14,SO2_24h,5,8,,20191224,14,SO2_24h,3,5,20191225,14,SO2_24h,4,5,
20191221,14,NO2,,59,,20191222,14,NO2,48,47,,20191223,14,NO2,66,54,,20191224,14,NO2,38,25,20191225,14,NO2,52,53,
20191221,14,NO2_24h,69,61,,20191222,14,NO2_24h,57,53,,20191223,14,NO2_24h,55,49,,20191224,14,NO2_24h,35,28,20191225,14,NO2_24h,39,44,
20191221,14,O3,4,,,20191222,14,O3,15,7,,20191223,14,O3,14,16,,20191224,14,O3,41,51,20191225,14,O3,11,12,
20191221,14,O3_24h,5,2,,20191222,14,O3_24h,15,11,,20191223,14,O3_24h,26,21,,20191224,14,O3_24h,60,57,20191225,14,O3_24h,43,50,
20191221,14,O3_8h,4,,,20191222,14,O3_8h,8,6,,20191223,14,O3_8h,13,10,,20191224,14,O3_8h,48,49,20191225,14,O3_8h,14,7,
20191221,14,O3_8h_24h,4,,,20191222,14,O3_8h_24h,8,6,,20191223,14,O3_8h_24h,13,10,,20191224,14,O3_8h_24h,53,52,20191225,14,O3_8h_24h,21,15,
20191221,14,CO,1.1,1.2,,20191222,14,CO,0.9,0.9,,20191223,14,CO,1.2,1,,20191224,14,CO,0.7,0.6,20191225,14,CO,0.9,0.5,
20191221,14,CO_24h,1,1.1,,20191222,14,CO_24h,0.9,1.1,,20191223,14,CO_24h,1.2,1.1,,20191224,14,CO_24h,0.9,0.7,20191225,14,CO_24h,0.9,0.5,
20191221,15,AQI,42,30,,20191222,15,AQI,28,33,,20191223,15,AQI,33,52,,20191224,15,AQI,24,16,20191225,15,AQI,40,53,
20191221,15,PM2.5,29,15,,20191222,15,PM2.5,19,23,,20191223,15,PM2.5,22,36,,20191224,15,PM2.5,11,8,20191225,15,PM2.5,28,37,
20191221,15,PM2.5_24h,42,37,,20191222,15,PM2.5_24h,12,15,,20191223,15,PM2.5_24h,33,36,,20191224,15,PM2.5_24h,14,13,20191225,15,PM2.5_24h,25,32,
20191221,15,PM10,34,29,,20191222,15,PM10,19,22,,20191223,15,PM10,31,49,,20191224,15,PM10,16,15,20191225,15,PM10,39,52,
20191221,15,PM10_24h,58,52,,20191222,15,PM10_24h,14,20,,20191223,15,PM10_24h,45,40,,20191224,15,PM10_24h,21,19,20191225,15,PM10_24h,37,47,
20191221,15,SO2,,6,,20191222,15,SO2,2,7,,20191223,15,SO2,6,6,,20191224,15,SO2,3,5,20191225,15,SO2,1,6,
20191221,15,SO2_24h,5,7,,20191222,15,SO2_24h,2,6,,20191223,15,SO2_24h,5,8,,20191224,15,SO2_24h,3,5,20191225,15,SO2_24h,4,5,
20191221,15,NO2,68,60,,20191222,15,NO2,52,44,,20191223,15,NO2,65,54,,20191224,15,NO2,47,25,20191225,15,NO2,55,66,
20191221,15,NO2_24h,69,61,,20191222,15,NO2_24h,56,52,,20191223,15,NO2_24h,55,49,,20191224,15,NO2_24h,34,27,20191225,15,NO2_24h,40,45,
20191221,15,O3,4,,,20191222,15,O3,11,17,,20191223,15,O3,18,17,,20191224,15,O3,36,50,20191225,15,O3,6,3,
20191221,15,O3_24h,5,2,,20191222,15,O3_24h,15,17,,20191223,15,O3_24h,26,21,,20191224,15,O3_24h,60,57,20191225,15,O3_24h,43,46,
20191221,15,O3_8h,4,,,20191222,15,O3_8h,9,8,,20191223,15,O3_8h,15,13,,20191224,15,O3_8h,47,49,20191225,15,O3_8h,13,8,
20191221,15,O3_8h_24h,4,,,20191222,15,O3_8h_24h,9,8,,20191223,15,O3_8h_24h,15,13,,20191224,15,O3_8h_24h,53,52,20191225,15,O3_8h_24h,21,15,
20191221,15,CO,1.2,1.2,,20191222,15,CO,1,0.9,,20191223,15,CO,0.9,0.9,,20191224,15,CO,0.7,0.6,20191225,15,CO,1,0.6,
20191221,15,CO_24h,1,1.1,,20191222,15,CO_24h,0.9,1,,20191223,15,CO_24h,1.2,1.1,,20191224,15,CO_24h,0.9,0.7,20191225,15,CO_24h,0.9,0.5,
20191221,16,AQI,42,30,,20191222,16,AQI,32,42,,20191223,16,AQI,33,36,,20191224,16,AQI,26,16,20191225,16,AQI,42,50,
20191221,16,PM2.5,29,15,,20191222,16,PM2.5,22,29,,20191223,16,PM2.5,15,25,,20191224,16,PM2.5,12,9,20191225,16,PM2.5,29,35,
20191221,16,PM2.5_24h,42,36,,20191222,16,PM2.5_24h,12,16,,20191223,16,PM2.5_24h,33,36,,20191224,16,PM2.5_24h,14,12,20191225,16,PM2.5_24h,26,33,
20191221,16,PM10,35,25,,20191222,16,PM10,24,27,,20191223,16,PM10,23,36,,20191224,16,PM10,19,16,20191225,16,PM10,39,50,
20191221,16,PM10_24h,57,50,,20191222,16,PM10_24h,13,20,,20191223,16,PM10_24h,45,41,,20191224,16,PM10_24h,21,18,20191225,16,PM10_24h,38,48,
20191221,16,SO2,3,6,,20191222,16,SO2,2,8,,20191223,16,SO2,4,6,,20191224,16,SO2,5,5,20191225,16,SO2,1,6,
20191221,16,SO2_24h,5,7,,20191222,16,SO2_24h,2,6,,20191223,16,SO2_24h,5,8,,20191224,16,SO2_24h,3,5,20191225,16,SO2_24h,4,5,
20191221,16,NO2,70,59,,20191222,16,NO2,56,51,,20191223,16,NO2,65,54,,20191224,16,NO2,51,29,20191225,16,NO2,62,66,
20191221,16,NO2_24h,69,61,,20191222,16,NO2_24h,56,52,,20191223,16,NO2_24h,56,49,,20191224,16,NO2_24h,34,26,20191225,16,NO2_24h,40,47,
20191221,16,O3,3,,,20191222,16,O3,10,9,,20191223,16,O3,18,17,,20191224,16,O3,33,46,20191225,16,O3,5,3,
20191221,16,O3_24h,4,1,,20191222,16,O3_24h,15,17,,20191223,16,O3_24h,26,21,,20191224,16,O3_24h,60,57,20191225,16,O3_24h,43,42,
20191221,16,O3_8h,4,,,20191222,16,O3_8h,10,9,,20191223,16,O3_8h,17,15,,20191224,16,O3_8h,46,50,20191225,16,O3_8h,14,8,
20191221,16,O3_8h_24h,4,,,20191222,16,O3_8h_24h,10,9,,20191223,16,O3_8h_24h,17,15,,20191224,16,O3_8h_24h,53,52,20191225,16,O3_8h_24h,21,15,
20191221,16,CO,,1.2,,20191222,16,CO,1,0.9,,20191223,16,CO,0.8,0.8,,20191224,16,CO,0.8,0.6,20191225,16,CO,1.2,0.6,
20191221,16,CO_24h,1,1.1,,20191222,16,CO_24h,0.9,1,,20191223,16,CO_24h,1.2,1,,20191224,16,CO_24h,0.8,0.7,20191225,16,CO_24h,0.9,0.5,
20191221,17,AQI,30,30,,20191222,17,AQI,32,45,,20191223,17,AQI,30,30,,20191224,17,AQI,20,22,20191225,17,AQI,40,44,
20191221,17,PM2.5,21,15,,20191222,17,PM2.5,22,31,,20191223,17,PM2.5,16,18,,20191224,17,PM2.5,12,14,20191225,17,PM2.5,28,29,
20191221,17,PM2.5_24h,40,34,,20191222,17,PM2.5_24h,12,17,,20191223,17,PM2.5_24h,33,35,,20191224,17,PM2.5_24h,14,12,20191225,17,PM2.5_24h,27,34,
20191221,17,PM10,25,25,,20191222,17,PM10,25,30,,20191223,17,PM10,25,28,,20191224,17,PM10,20,22,20191225,17,PM10,39,44,
20191221,17,PM10_24h,55,48,,20191222,17,PM10_24h,13,21,,20191223,17,PM10_24h,45,40,,20191224,17,PM10_24h,21,18,20191225,17,PM10_24h,38,49,
20191221,17,SO2,3,6,,20191222,17,SO2,2,8,,20191223,17,SO2,7,6,,20191224,17,SO2,5,5,20191225,17,SO2,1,5,
20191221,17,SO2_24h,5,7,,20191222,17,SO2_24h,2,6,,20191223,17,SO2_24h,5,8,,20191224,17,SO2_24h,3,5,20191225,17,SO2_24h,3,5,
20191221,17,NO2,,59,,20191222,17,NO2,60,54,,20191223,17,NO2,60,59,,20191224,17,NO2,38,31,20191225,17,NO2,61,62,
20191221,17,NO2_24h,69,61,,20191222,17,NO2_24h,56,52,,20191223,17,NO2_24h,56,50,,20191224,17,NO2_24h,33,25,20191225,17,NO2_24h,41,48,
20191221,17,O3,2,,,20191222,17,O3,8,9,,20191223,17,O3,19,11,,20191224,17,O3,43,42,20191225,17,O3,3,,
20191221,17,O3_24h,4,1,,20191222,17,O3_24h,15,17,,20191223,17,O3_24h,26,21,,20191224,17,O3_24h,60,57,20191225,17,O3_24h,40,42,
20191221,17,O3_8h,4,,,20191222,17,O3_8h,10,9,,20191223,17,O3_8h,18,16,,20191224,17,O3_8h,45,48,20191225,17,O3_8h,13,8,
20191221,17,O3_8h_24h,4,,,20191222,17,O3_8h_24h,10,9,,20191223,17,O3_8h_24h,18,16,,20191224,17,O3_8h_24h,53,52,20191225,17,O3_8h_24h,21,15,
20191221,17,CO,1.2,1.3,,20191222,17,CO,1,0.9,,20191223,17,CO,0.8,0.8,,20191224,17,CO,0.7,0.7,20191225,17,CO,1.1,0.7,
20191221,17,CO_24h,1,1.2,,20191222,17,CO_24h,0.9,1,,20191223,17,CO_24h,1.2,1,,20191224,17,CO_24h,0.8,0.7,20191225,17,CO_24h,0.9,0.5,
20191221,18,AQI,37,30,,20191222,18,AQI,34,49,,20191223,18,AQI,27,28,,20191224,18,AQI,20,24,20191225,18,AQI,39,44,
20191221,18,PM2.5,14,20,,20191222,18,PM2.5,23,34,,20191223,18,PM2.5,18,19,,20191224,18,PM2.5,12,16,20191225,18,PM2.5,27,29,
20191221,18,PM2.5_24h,39,33,,20191222,18,PM2.5_24h,12,17,,20191223,18,PM2.5_24h,32,34,,20191224,18,PM2.5_24h,14,12,20191225,18,PM2.5_24h,27,34,
20191221,18,PM10,16,28,,20191222,18,PM10,26,32,,20191223,18,PM10,27,27,,20191224,18,PM10,19,24,20191225,18,PM10,38,44,
20191221,18,PM10_24h,52,47,,20191222,18,PM10_24h,14,21,,20191223,18,PM10_24h,45,40,,20191224,18,PM10_24h,20,18,20191225,18,PM10_24h,39,50,
20191221,18,SO2,1,6,,20191222,18,SO2,2,7,,20191223,18,SO2,3,5,,20191224,18,SO2,3,,20191225,18,SO2,3,5,
20191221,18,SO2_24h,5,7,,20191222,18,SO2_24h,2,6,,20191223,18,SO2_24h,5,8,,20191224,18,SO2_24h,3,5,20191225,18,SO2_24h,3,5,
20191221,18,NO2,74,60,,20191222,18,NO2,68,62,,20191223,18,NO2,52,46,,20191224,18,NO2,39,,20191225,18,NO2,60,66,
20191221,18,NO2_24h,69,61,,20191222,18,NO2_24h,56,52,,20191223,18,NO2_24h,55,49,,20191224,18,NO2_24h,32,24,20191225,18,NO2_24h,42,49,
20191221,18,O3,2,,,20191222,18,O3,5,1,,20191223,18,O3,25,22,,20191224,18,O3,40,42,20191225,18,O3,3,,
20191221,18,O3_24h,4,1,,20191222,18,O3_24h,15,17,,20191223,18,O3_24h,26,22,,20191224,18,O3_24h,60,57,20191225,18,O3_24h,35,38,
20191221,18,O3_8h,3,,,20191222,18,O3_8h,10,9,,20191223,18,O3_8h,20,17,,20191224,18,O3_8h,44,48,20191225,18,O3_8h,11,7,
20191221,18,O3_8h_24h,4,,,20191222,18,O3_8h_24h,10,9,,20191223,18,O3_8h_24h,20,17,,20191224,18,O3_8h_24h,53,52,20191225,18,O3_8h_24h,21,15,
20191221,18,CO,1,1.2,,20191222,18,CO,1,1,,20191223,18,CO,0.8,0.8,,20191224,18,CO,0.7,0.7,20191225,18,CO,1.1,0.8,
20191221,18,CO_24h,1,1.2,,20191222,18,CO_24h,0.9,1,,20191223,18,CO_24h,1.2,1,,20191224,18,CO_24h,0.8,0.7,20191225,18,CO_24h,0.9,0.5,
20191221,19,AQI,37,40,,20191222,19,AQI,42,46,,20191223,19,AQI,27,22,,20191224,19,AQI,21,26,20191225,19,AQI,48,48,
20191221,19,PM2.5,12,28,,20191222,19,PM2.5,29,32,,20191223,19,PM2.5,18,14,,20191224,19,PM2.5,13,15,20191225,19,PM2.5,33,33,
20191221,19,PM2.5_24h,37,32,,20191222,19,PM2.5_24h,13,17,,20191223,19,PM2.5_24h,32,34,,20191224,19,PM2.5_24h,14,12,20191225,19,PM2.5_24h,28,35,
20191221,19,PM10,14,33,,20191222,19,PM10,34,33,,20191223,19,PM10,27,22,,20191224,19,PM10,21,26,20191225,19,PM10,46,46,
20191221,19,PM10_24h,50,45,,20191222,19,PM10_24h,14,21,,20191223,19,PM10_24h,45,40,,20191224,19,PM10_24h,20,18,20191225,19,PM10_24h,40,51,
20191221,19,SO2,1,7,,20191222,19,SO2,5,6,,20191223,19,SO2,2,5,,20191224,19,SO2,2,5,20191225,19,SO2,1,6,
20191221,19,SO2_24h,5,7,,20191222,19,SO2_24h,2,6,,20191223,19,SO2_24h,5,8,,20191224,19,SO2_24h,3,5,20191225,19,SO2_24h,3,5,
20191221,19,NO2,74,65,,20191222,19,NO2,63,60,,20191223,19,NO2,52,32,,20191224,19,NO2,42,,20191225,19,NO2,61,66,
20191221,19,NO2_24h,69,61,,20191222,19,NO2_24h,55,52,,20191223,19,NO2_24h,54,48,,20191224,19,NO2_24h,32,24,20191225,19,NO2_24h,43,50,
20191221,19,O3,2,,,20191222,19,O3,3,,,20191223,19,O3,24,42,,20191224,19,O3,33,38,20191225,19,O3,3,,
20191221,19,O3_24h,4,1,,20191222,19,O3_24h,15,17,,20191223,19,O3_24h,26,42,,20191224,19,O3_24h,60,57,20191225,19,O3_24h,35,29,
20191221,19,O3_8h,3,,,20191222,19,O3_8h,9,8,,20191223,19,O3_8h,21,21,,20191224,19,O3_8h,41,46,20191225,19,O3_8h,9,6,
20191221,19,O3_8h_24h,4,,,20191222,19,O3_8h_24h,10,9,,20191223,19,O3_8h_24h,21,21,,20191224,19,O3_8h_24h,53,52,20191225,19,O3_8h_24h,21,15,
20191221,19,CO,0.9,1.3,,20191222,19,CO,1.2,1,,20191223,19,CO,0.8,0.7,,20191224,19,CO,0.7,,20191225,19,CO,1.2,0.8,
20191221,19,CO_24h,1,1.2,,20191222,19,CO_24h,0.9,1,,20191223,19,CO_24h,1.2,1,,20191224,19,CO_24h,0.8,0.7,20191225,19,CO_24h,0.9,0.6,
20191221,20,AQI,34,40,,20191222,20,AQI,43,40,,20191223,20,AQI,30,25,,20191224,20,AQI,29,30,20191225,20,AQI,60,50,
20191221,20,PM2.5,12,28,,20191222,20,PM2.5,30,28,,20191223,20,PM2.5,20,16,,20191224,20,PM2.5,20,17,20191225,20,PM2.5,43,35,
20191221,20,PM2.5_24h,35,31,,20191222,20,PM2.5_24h,14,17,,20191223,20,PM2.5_24h,32,33,,20191224,20,PM2.5_24h,14,12,20191225,20,PM2.5_24h,29,36,
20191221,20,PM10,14,32,,20191222,20,PM10,38,30,,20191223,20,PM10,30,25,,20191224,20,PM10,29,30,20191225,20,PM10,60,47,
20191221,20,PM10_24h,47,43,,20191222,20,PM10_24h,15,21,,20191223,20,PM10_24h,44,40,,20191224,20,PM10_24h,20,18,20191225,20,PM10_24h,42,51,
20191221,20,SO2,1,7,,20191222,20,SO2,4,5,,20191223,20,SO2,2,5,,20191224,20,SO2,2,5,20191225,20,SO2,3,6,
20191221,20,SO2_24h,5,7,,20191222,20,SO2_24h,3,6,,20191223,20,SO2_24h,5,8,,20191224,20,SO2_24h,3,5,20191225,20,SO2_24h,3,5,
20191221,20,NO2,68,68,,20191222,20,NO2,62,56,,20191223,20,NO2,39,33,,20191224,20,NO2,38,36,20191225,20,NO2,62,67,
20191221,20,NO2_24h,69,61,,20191222,20,NO2_24h,55,51,,20191223,20,NO2_24h,53,47,,20191224,20,NO2_24h,32,24,20191225,20,NO2_24h,44,51,
20191221,20,O3,6,,,20191222,20,O3,3,,,20191223,20,O3,36,36,,20191224,20,O3,33,29,20191225,20,O3,3,,
20191221,20,O3_24h,6,1,,20191222,20,O3_24h,15,17,,20191223,20,O3_24h,36,42,,20191224,20,O3_24h,60,57,20191225,20,O3_24h,35,27,
20191221,20,O3_8h,3,,,20191222,20,O3_8h,8,6,,20191223,20,O3_8h,22,23,,20191224,20,O3_8h,39,43,20191225,20,O3_8h,7,4,
20191221,20,O3_8h_24h,4,,,20191222,20,O3_8h_24h,10,9,,20191223,20,O3_8h_24h,22,23,,20191224,20,O3_8h_24h,53,52,20191225,20,O3_8h_24h,21,15,
20191221,20,CO,0.8,1.3,,20191222,20,CO,1.3,0.9,,20191223,20,CO,0.8,0.7,,20191224,20,CO,0.8,0.4,20191225,20,CO,1.3,0.9,
20191221,20,CO_24h,1,1.2,,20191222,20,CO_24h,0.9,1,,20191223,20,CO_24h,1.2,1,,20191224,20,CO_24h,0.8,0.7,20191225,20,CO_24h,1,0.6,
20191221,21,AQI,33,45,,20191222,21,AQI,38,43,,20191223,21,AQI,32,26,,20191224,21,AQI,39,36,20191225,21,AQI,65,62,
20191221,21,PM2.5,17,31,,20191222,21,PM2.5,26,30,,20191223,21,PM2.5,21,17,,20191224,21,PM2.5,26,20,20191225,21,PM2.5,47,44,
20191221,21,PM2.5_24h,34,29,,20191222,21,PM2.5_24h,14,17,,20191223,21,PM2.5_24h,31,33,,20191224,21,PM2.5_24h,14,12,20191225,21,PM2.5_24h,30,37,
20191221,21,PM10,20,37,,20191222,21,PM10,37,32,,20191223,21,PM10,32,26,,20191224,21,PM10,39,36,20191225,21,PM10,66,56,
20191221,21,PM10_24h,44,41,,20191222,21,PM10_24h,16,21,,20191223,21,PM10_24h,44,39,,20191224,21,PM10_24h,20,19,20191225,21,PM10_24h,43,52,
20191221,21,SO2,7,7,,20191222,21,SO2,4,5,,20191223,21,SO2,3,5,,20191224,21,SO2,11,5,20191225,21,SO2,4,5,
20191221,21,SO2_24h,5,7,,20191222,21,SO2_24h,2,6,,20191223,21,SO2_24h,5,8,,20191224,21,SO2_24h,3,5,20191225,21,SO2_24h,3,5,
20191221,21,NO2,65,64,,20191222,21,NO2,60,54,,20191223,21,NO2,41,30,,20191224,21,NO2,38,40,20191225,21,NO2,62,69,
20191221,21,NO2_24h,68,61,,20191222,21,NO2_24h,55,51,,20191223,21,NO2_24h,53,46,,20191224,21,NO2_24h,32,24,20191225,21,NO2_24h,45,52,
20191221,21,O3,9,,,20191222,21,O3,3,,,20191223,21,O3,38,38,,20191224,21,O3,30,27,20191225,21,O3,3,,
20191221,21,O3_24h,9,1,,20191222,21,O3_24h,15,17,,20191223,21,O3_24h,38,42,,20191224,21,O3_24h,60,57,20191225,21,O3_24h,35,21,
20191221,21,O3_8h,4,,,20191222,21,O3_8h,7,5,,20191223,21,O3_8h,24,25,,20191224,21,O3_8h,36,41,20191225,21,O3_8h,5,2,
20191221,21,O3_8h_24h,4,,,20191222,21,O3_8h_24h,10,9,,20191223,21,O3_8h_24h,24,25,,20191224,21,O3_8h_24h,53,52,20191225,21,O3_8h_24h,21,15,
20191221,21,CO,0.8,1.4,,20191222,21,CO,1.3,1,,20191223,21,CO,1,0.7,,20191224,21,CO,0.8,0.4,20191225,21,CO,1.3,0.8,
20191221,21,CO_24h,1,1.2,,20191222,21,CO_24h,0.9,1,,20191223,21,CO_24h,1.1,1,,20191224,21,CO_24h,0.8,0.7,20191225,21,CO_24h,1,0.6,
20191221,22,AQI,35,39,,20191222,22,AQI,40,42,,20191223,22,AQI,29,26,,20191224,22,AQI,41,46,20191225,22,AQI,62,55,
20191221,22,PM2.5,19,27,,20191222,22,PM2.5,27,29,,20191223,22,PM2.5,18,16,,20191224,22,PM2.5,27,31,20191225,22,PM2.5,44,39,
20191221,22,PM2.5_24h,32,28,,20191222,22,PM2.5_24h,15,17,,20191223,22,PM2.5_24h,31,32,,20191224,22,PM2.5_24h,14,12,20191225,22,PM2.5_24h,31,37,
20191221,22,PM10,22,34,,20191222,22,PM10,40,31,,20191223,22,PM10,29,26,,20191224,22,PM10,41,46,20191225,22,PM10,60,51,
20191221,22,PM10_24h,42,39,,20191222,22,PM10_24h,17,20,,20191223,22,PM10_24h,44,39,,20191224,22,PM10_24h,21,19,20191225,22,PM10_24h,43,52,
20191221,22,SO2,8,6,,20191222,22,SO2,4,6,,20191223,22,SO2,2,5,,20191224,22,SO2,5,4,20191225,22,SO2,3,5,
20191221,22,SO2_24h,5,7,,20191222,22,SO2_24h,2,6,,20191223,22,SO2_24h,5,8,,20191224,22,SO2_24h,3,5,20191225,22,SO2_24h,3,5,
20191221,22,NO2,69,62,,20191222,22,NO2,58,49,,20191223,22,NO2,37,30,,20191224,22,NO2,29,41,20191225,22,NO2,64,68,
20191221,22,NO2_24h,68,60,,20191222,22,NO2_24h,54,50,,20191223,22,NO2_24h,52,45,,20191224,22,NO2_24h,31,25,20191225,22,NO2_24h,46,54,
20191221,22,O3,4,,,20191222,22,O3,3,,,20191223,22,O3,42,40,,20191224,22,O3,35,21,20191225,22,O3,3,,
20191221,22,O3_24h,9,1,,20191222,22,O3_24h,15,17,,20191223,22,O3_24h,42,42,,20191224,22,O3_24h,60,57,20191225,22,O3_24h,26,16,
20191221,22,O3_8h,4,,,20191222,22,O3_8h,6,4,,20191223,22,O3_8h,28,28,,20191224,22,O3_8h,35,37,20191225,22,O3_8h,4,1,
20191221,22,O3_8h_24h,4,,,20191222,22,O3_8h_24h,10,9,,20191223,22,O3_8h_24h,28,28,,20191224,22,O3_8h_24h,53,52,20191225,22,O3_8h_24h,21,15,
20191221,22,CO,0.9,1.4,,20191222,22,CO,1.3,1.1,,20191223,22,CO,0.9,0.7,,20191224,22,CO,0.9,0.5,20191225,22,CO,1.4,0.8,
20191221,22,CO_24h,1,1.2,,20191222,22,CO_24h,1,0.9,,20191223,22,CO_24h,1.1,1,,20191224,22,CO_24h,0.8,0.6,20191225,22,CO_24h,1,0.6,
20191221,23,AQI,34,38,,20191222,23,AQI,40,42,,20191223,23,AQI,29,22,,20191224,23,AQI,42,52,20191225,23,AQI,46,53,
20191221,23,PM2.5,18,26,,20191222,23,PM2.5,28,29,,20191223,23,PM2.5,19,14,,20191224,23,PM2.5,27,36,20191225,23,PM2.5,32,37,
20191221,23,PM2.5_24h,30,26,,20191222,23,PM2.5_24h,15,18,,20191223,23,PM2.5_24h,31,32,,20191224,23,PM2.5_24h,14,13,20191225,23,PM2.5_24h,31,37,
20191221,23,PM10,20,31,,20191222,23,PM10,40,30,,20191223,23,PM10,29,22,,20191224,23,PM10,42,53,20191225,23,PM10,41,50,
20191221,23,PM10_24h,39,37,,20191222,23,PM10_24h,18,20,,20191223,23,PM10_24h,43,39,,20191224,23,PM10_24h,21,21,20191225,23,PM10_24h,43,52,
20191221,23,SO2,4,6,,20191222,23,SO2,4,5,,20191223,23,SO2,1,5,,20191224,23,SO2,3,4,20191225,23,SO2,2,5,
20191221,23,SO2_24h,5,7,,20191222,23,SO2_24h,2,6,,20191223,23,SO2_24h,5,8,,20191224,23,SO2_24h,3,5,20191225,23,SO2_24h,3,5,
20191221,23,NO2,67,59,,20191222,23,NO2,57,46,,20191223,23,NO2,30,26,,20191224,23,NO2,36,46,20191225,23,NO2,64,68,
20191221,23,NO2_24h,68,60,,20191222,23,NO2_24h,54,50,,20191223,23,NO2_24h,51,44,,20191224,23,NO2_24h,32,26,20191225,23,NO2_24h,47,54,
20191221,23,O3,2,,,20191222,23,O3,3,,,20191223,23,O3,48,44,,20191224,23,O3,26,14,20191225,23,O3,3,,
20191221,23,O3_24h,9,1,,20191222,23,O3_24h,15,17,,20191223,23,O3_24h,48,44,,20191224,23,O3_24h,60,57,20191225,23,O3_24h,24,16,
20191221,23,O3_8h,4,,,20191222,23,O3_8h,5,2,,20191223,23,O3_8h,31,31,,20191224,23,O3_8h,34,32,20191225,23,O3_8h,3,,
20191221,23,O3_8h_24h,4,,,20191222,23,O3_8h_24h,10,9,,20191223,23,O3_8h_24h,31,31,,20191224,23,O3_8h_24h,53,52,20191225,23,O3_8h_24h,21,15,
20191221,23,CO,1,1.3,,20191222,23,CO,1.2,0.9,,20191223,23,CO,1.2,0.7,,20191224,23,CO,0.8,0.5,20191225,23,CO,1.5,0.9,
20191221,23,CO_24h,1,1.2,,20191222,23,CO_24h,1,0.9,,20191223,23,CO_24h,1.1,1,,20191224,23,CO_24h,0.8,0.6,20191225,23,CO_24h,1,0.6,
